,stim_name,angle,velocity,stim_type,stationary_time,duration
0,medial_right,"(90, 270)","(0.02, 0)",b,3,35
1,right,0,0.02,s,3,35
2,forward_backward,"(0, 180)","(0.02, 0.02)",b,3,35
3,x_backward,"(180, 180)","(0, 0.02)",b,3,35
4,converging,"(90, 270)","(0.02, 0.02)",b,3,35
5,lateral_right,"(270, 90)","(0, 0.02)",b,3,35
6,x_forward,"(0, 0)","(0, 0.02)",b,3,35
7,backward,90,0.02,s,3,35
8,forward_x,"(0, 0)","(0.02, 0)",b,3,35
9,backward_right,45,0.02,s,3,35
10,forward_left,225,0.02,s,3,35
11,lateral_left,"(270, 90)","(0.02, 0)",b,3,35
12,backward_x,"(180, 180)","(0.02, 0)",b,3,35
13,diverging,"(270, 90)","(0.02, 0.02)",b,3,35
14,forward_right,-45,0.02,s,3,35
15,medial_left,"(90, 270)","(0, 0.02)",b,3,35
16,backward_left,135,0.02,s,3,35
17,left,180,0.02,s,3,35
18,backward_forward,"(180, 0)","(0.02, 0.02)",b,3,35
19,forward,-90,0.02,s,3,35
20,medial_right,"(90, 270)","(0.02, 0)",b,3,35
21,right,0,0.02,s,3,35
22,forward_backward,"(0, 180)","(0.02, 0.02)",b,3,35
23,x_backward,"(180, 180)","(0, 0.02)",b,3,35
24,converging,"(90, 270)","(0.02, 0.02)",b,3,35
25,lateral_right,"(270, 90)","(0, 0.02)",b,3,35
26,x_forward,"(0, 0)","(0, 0.02)",b,3,35
27,backward,90,0.02,s,3,35
28,forward_x,"(0, 0)","(0.02, 0)",b,3,35
29,backward_right,45,0.02,s,3,35
30,forward_left,225,0.02,s,3,35
31,lateral_left,"(270, 90)","(0.02, 0)",b,3,35
32,backward_x,"(180, 180)","(0.02, 0)",b,3,35
33,diverging,"(270, 90)","(0.02, 0.02)",b,3,35
34,forward_right,-45,0.02,s,3,35
35,medial_left,"(90, 270)","(0, 0.02)",b,3,35
36,backward_left,135,0.02,s,3,35
37,left,180,0.02,s,3,35
38,backward_forward,"(180, 0)","(0.02, 0.02)",b,3,35
39,forward,-90,0.02,s,3,35
40,medial_right,"(90, 270)","(0.02, 0)",b,3,35
41,right,0,0.02,s,3,35
42,forward_backward,"(0, 180)","(0.02, 0.02)",b,3,35
43,x_backward,"(180, 180)","(0, 0.02)",b,3,35
44,converging,"(90, 270)","(0.02, 0.02)",b,3,35
45,lateral_right,"(270, 90)","(0, 0.02)",b,3,35
46,x_forward,"(0, 0)","(0, 0.02)",b,3,35
47,backward,90,0.02,s,3,35
48,forward_x,"(0, 0)","(0.02, 0)",b,3,35
49,backward_right,45,0.02,s,3,35
50,forward_left,225,0.02,s,3,35
51,lateral_left,"(270, 90)","(0.02, 0)",b,3,35
52,backward_x,"(180, 180)","(0.02, 0)",b,3,35
53,diverging,"(270, 90)","(0.02, 0.02)",b,3,35
54,forward_right,-45,0.02,s,3,35
55,medial_left,"(90, 270)","(0, 0.02)",b,3,35
56,backward_left,135,0.02,s,3,35
57,left,180,0.02,s,3,35
58,backward_forward,"(180, 0)","(0.02, 0.02)",b,3,35
59,forward,-90,0.02,s,3,35
60,medial_right,"(90, 270)","(0.02, 0)",b,3,35
61,right,0,0.02,s,3,35
62,forward_backward,"(0, 180)","(0.02, 0.02)",b,3,35
63,x_backward,"(180, 180)","(0, 0.02)",b,3,35
64,converging,"(90, 270)","(0.02, 0.02)",b,3,35
65,lateral_right,"(270, 90)","(0, 0.02)",b,3,35
66,x_forward,"(0, 0)","(0, 0.02)",b,3,35
67,backward,90,0.02,s,3,35
68,forward_x,"(0, 0)","(0.02, 0)",b,3,35
69,backward_right,45,0.02,s,3,35
70,forward_left,225,0.02,s,3,35
71,lateral_left,"(270, 90)","(0.02, 0)",b,3,35
72,backward_x,"(180, 180)","(0.02, 0)",b,3,35
73,diverging,"(270, 90)","(0.02, 0.02)",b,3,35
74,forward_right,-45,0.02,s,3,35
75,medial_left,"(90, 270)","(0, 0.02)",b,3,35
76,backward_left,135,0.02,s,3,35
77,left,180,0.02,s,3,35
78,backward_forward,"(180, 0)","(0.02, 0.02)",b,3,35
79,forward,-90,0.02,s,3,35
80,medial_right,"(90, 270)","(0.02, 0)",b,3,35
81,right,0,0.02,s,3,35
82,forward_backward,"(0, 180)","(0.02, 0.02)",b,3,35
83,x_backward,"(180, 180)","(0, 0.02)",b,3,35
84,converging,"(90, 270)","(0.02, 0.02)",b,3,35
85,lateral_right,"(270, 90)","(0, 0.02)",b,3,35
86,x_forward,"(0, 0)","(0, 0.02)",b,3,35
87,backward,90,0.02,s,3,35
88,forward_x,"(0, 0)","(0.02, 0)",b,3,35
89,backward_right,45,0.02,s,3,35
90,forward_left,225,0.02,s,3,35
91,lateral_left,"(270, 90)","(0.02, 0)",b,3,35
92,backward_x,"(180, 180)","(0.02, 0)",b,3,35
93,diverging,"(270, 90)","(0.02, 0.02)",b,3,35
94,forward_right,-45,0.02,s,3,35
95,medial_left,"(90, 270)","(0, 0.02)",b,3,35
96,backward_left,135,0.02,s,3,35
97,left,180,0.02,s,3,35
98,backward_forward,"(180, 0)","(0.02, 0.02)",b,3,35
99,forward,-90,0.02,s,3,35
100,medial_right,"(90, 270)","(0.02, 0)",b,3,35
101,right,0,0.02,s,3,35
102,forward_backward,"(0, 180)","(0.02, 0.02)",b,3,35
103,x_backward,"(180, 180)","(0, 0.02)",b,3,35
104,converging,"(90, 270)","(0.02, 0.02)",b,3,35
105,lateral_right,"(270, 90)","(0, 0.02)",b,3,35
106,x_forward,"(0, 0)","(0, 0.02)",b,3,35
107,backward,90,0.02,s,3,35
108,forward_x,"(0, 0)","(0.02, 0)",b,3,35
109,backward_right,45,0.02,s,3,35
110,forward_left,225,0.02,s,3,35
111,lateral_left,"(270, 90)","(0.02, 0)",b,3,35
112,backward_x,"(180, 180)","(0.02, 0)",b,3,35
113,diverging,"(270, 90)","(0.02, 0.02)",b,3,35
114,forward_right,-45,0.02,s,3,35
115,medial_left,"(90, 270)","(0, 0.02)",b,3,35
116,backward_left,135,0.02,s,3,35
117,left,180,0.02,s,3,35
118,backward_forward,"(180, 0)","(0.02, 0.02)",b,3,35
119,forward,-90,0.02,s,3,35
120,medial_right,"(90, 270)","(0.02, 0)",b,3,35
121,right,0,0.02,s,3,35
122,forward_backward,"(0, 180)","(0.02, 0.02)",b,3,35
123,x_backward,"(180, 180)","(0, 0.02)",b,3,35
124,converging,"(90, 270)","(0.02, 0.02)",b,3,35
125,lateral_right,"(270, 90)","(0, 0.02)",b,3,35
126,x_forward,"(0, 0)","(0, 0.02)",b,3,35
127,backward,90,0.02,s,3,35
128,forward_x,"(0, 0)","(0.02, 0)",b,3,35
129,backward_right,45,0.02,s,3,35
130,forward_left,225,0.02,s,3,35
131,lateral_left,"(270, 90)","(0.02, 0)",b,3,35
132,backward_x,"(180, 180)","(0.02, 0)",b,3,35
133,diverging,"(270, 90)","(0.02, 0.02)",b,3,35
134,forward_right,-45,0.02,s,3,35
135,medial_left,"(90, 270)","(0, 0.02)",b,3,35
136,backward_left,135,0.02,s,3,35
137,left,180,0.02,s,3,35
138,backward_forward,"(180, 0)","(0.02, 0.02)",b,3,35
139,forward,-90,0.02,s,3,35
140,blank,-90,0,s,0,14400
141,medial_right,"(90, 270)","(0.02, 0)",b,3,35
142,right,0,0.02,s,3,35
143,forward_backward,"(0, 180)","(0.02, 0.02)",b,3,35
144,x_backward,"(180, 180)","(0, 0.02)",b,3,35
145,converging,"(90, 270)","(0.02, 0.02)",b,3,35
146,lateral_right,"(270, 90)","(0, 0.02)",b,3,35
147,x_forward,"(0, 0)","(0, 0.02)",b,3,35
148,backward,90,0.02,s,3,35
149,forward_x,"(0, 0)","(0.02, 0)",b,3,35
150,backward_right,45,0.02,s,3,35
151,forward_left,225,0.02,s,3,35
152,lateral_left,"(270, 90)","(0.02, 0)",b,3,35
153,backward_x,"(180, 180)","(0.02, 0)",b,3,35
154,diverging,"(270, 90)","(0.02, 0.02)",b,3,35
155,forward_right,-45,0.02,s,3,35
156,medial_left,"(90, 270)","(0, 0.02)",b,3,35
157,backward_left,135,0.02,s,3,35
158,left,180,0.02,s,3,35
159,backward_forward,"(180, 0)","(0.02, 0.02)",b,3,35
160,forward,-90,0.02,s,3,35
161,medial_right,"(90, 270)","(0.02, 0)",b,3,35
162,right,0,0.02,s,3,35
163,forward_backward,"(0, 180)","(0.02, 0.02)",b,3,35
164,x_backward,"(180, 180)","(0, 0.02)",b,3,35
165,converging,"(90, 270)","(0.02, 0.02)",b,3,35
166,lateral_right,"(270, 90)","(0, 0.02)",b,3,35
167,x_forward,"(0, 0)","(0, 0.02)",b,3,35
168,backward,90,0.02,s,3,35
169,forward_x,"(0, 0)","(0.02, 0)",b,3,35
170,backward_right,45,0.02,s,3,35
171,forward_left,225,0.02,s,3,35
172,lateral_left,"(270, 90)","(0.02, 0)",b,3,35
173,backward_x,"(180, 180)","(0.02, 0)",b,3,35
174,diverging,"(270, 90)","(0.02, 0.02)",b,3,35
175,forward_right,-45,0.02,s,3,35
176,medial_left,"(90, 270)","(0, 0.02)",b,3,35
177,backward_left,135,0.02,s,3,35
178,left,180,0.02,s,3,35
179,backward_forward,"(180, 0)","(0.02, 0.02)",b,3,35
180,forward,-90,0.02,s,3,35
181,medial_right,"(90, 270)","(0.02, 0)",b,3,35
182,right,0,0.02,s,3,35
183,forward_backward,"(0, 180)","(0.02, 0.02)",b,3,35
184,x_backward,"(180, 180)","(0, 0.02)",b,3,35
185,converging,"(90, 270)","(0.02, 0.02)",b,3,35
186,lateral_right,"(270, 90)","(0, 0.02)",b,3,35
187,x_forward,"(0, 0)","(0, 0.02)",b,3,35
188,backward,90,0.02,s,3,35
189,forward_x,"(0, 0)","(0.02, 0)",b,3,35
190,backward_right,45,0.02,s,3,35
191,forward_left,225,0.02,s,3,35
192,lateral_left,"(270, 90)","(0.02, 0)",b,3,35
193,backward_x,"(180, 180)","(0.02, 0)",b,3,35
194,diverging,"(270, 90)","(0.02, 0.02)",b,3,35
195,forward_right,-45,0.02,s,3,35
196,medial_left,"(90, 270)","(0, 0.02)",b,3,35
197,backward_left,135,0.02,s,3,35
198,left,180,0.02,s,3,35
199,backward_forward,"(180, 0)","(0.02, 0.02)",b,3,35
200,forward,-90,0.02,s,3,35
201,medial_right,"(90, 270)","(0.02, 0)",b,3,35
202,right,0,0.02,s,3,35
203,forward_backward,"(0, 180)","(0.02, 0.02)",b,3,35
204,x_backward,"(180, 180)","(0, 0.02)",b,3,35
205,converging,"(90, 270)","(0.02, 0.02)",b,3,35
206,lateral_right,"(270, 90)","(0, 0.02)",b,3,35
207,x_forward,"(0, 0)","(0, 0.02)",b,3,35
208,backward,90,0.02,s,3,35
209,forward_x,"(0, 0)","(0.02, 0)",b,3,35
210,backward_right,45,0.02,s,3,35
211,forward_left,225,0.02,s,3,35
212,lateral_left,"(270, 90)","(0.02, 0)",b,3,35
213,backward_x,"(180, 180)","(0.02, 0)",b,3,35
214,diverging,"(270, 90)","(0.02, 0.02)",b,3,35
215,forward_right,-45,0.02,s,3,35
216,medial_left,"(90, 270)","(0, 0.02)",b,3,35
217,backward_left,135,0.02,s,3,35
218,left,180,0.02,s,3,35
219,backward_forward,"(180, 0)","(0.02, 0.02)",b,3,35
220,forward,-90,0.02,s,3,35
221,medial_right,"(90, 270)","(0.02, 0)",b,3,35
222,right,0,0.02,s,3,35
223,forward_backward,"(0, 180)","(0.02, 0.02)",b,3,35
224,x_backward,"(180, 180)","(0, 0.02)",b,3,35
225,converging,"(90, 270)","(0.02, 0.02)",b,3,35
226,lateral_right,"(270, 90)","(0, 0.02)",b,3,35
227,x_forward,"(0, 0)","(0, 0.02)",b,3,35
228,backward,90,0.02,s,3,35
229,forward_x,"(0, 0)","(0.02, 0)",b,3,35
230,backward_right,45,0.02,s,3,35
231,forward_left,225,0.02,s,3,35
232,lateral_left,"(270, 90)","(0.02, 0)",b,3,35
233,backward_x,"(180, 180)","(0.02, 0)",b,3,35
234,diverging,"(270, 90)","(0.02, 0.02)",b,3,35
235,forward_right,-45,0.02,s,3,35
236,medial_left,"(90, 270)","(0, 0.02)",b,3,35
237,backward_left,135,0.02,s,3,35
238,left,180,0.02,s,3,35
239,backward_forward,"(180, 0)","(0.02, 0.02)",b,3,35
240,forward,-90,0.02,s,3,35
241,medial_right,"(90, 270)","(0.02, 0)",b,3,35
242,right,0,0.02,s,3,35
243,forward_backward,"(0, 180)","(0.02, 0.02)",b,3,35
244,x_backward,"(180, 180)","(0, 0.02)",b,3,35
245,converging,"(90, 270)","(0.02, 0.02)",b,3,35
246,lateral_right,"(270, 90)","(0, 0.02)",b,3,35
247,x_forward,"(0, 0)","(0, 0.02)",b,3,35
248,backward,90,0.02,s,3,35
249,forward_x,"(0, 0)","(0.02, 0)",b,3,35
250,backward_right,45,0.02,s,3,35
251,forward_left,225,0.02,s,3,35
252,lateral_left,"(270, 90)","(0.02, 0)",b,3,35
253,backward_x,"(180, 180)","(0.02, 0)",b,3,35
254,diverging,"(270, 90)","(0.02, 0.02)",b,3,35
255,forward_right,-45,0.02,s,3,35
256,medial_left,"(90, 270)","(0, 0.02)",b,3,35
257,backward_left,135,0.02,s,3,35
258,left,180,0.02,s,3,35
259,backward_forward,"(180, 0)","(0.02, 0.02)",b,3,35
260,forward,-90,0.02,s,3,35
261,medial_right,"(90, 270)","(0.02, 0)",b,3,35
262,right,0,0.02,s,3,35
263,forward_backward,"(0, 180)","(0.02, 0.02)",b,3,35
264,x_backward,"(180, 180)","(0, 0.02)",b,3,35
265,converging,"(90, 270)","(0.02, 0.02)",b,3,35
266,lateral_right,"(270, 90)","(0, 0.02)",b,3,35
267,x_forward,"(0, 0)","(0, 0.02)",b,3,35
268,backward,90,0.02,s,3,35
269,forward_x,"(0, 0)","(0.02, 0)",b,3,35
270,backward_right,45,0.02,s,3,35
271,forward_left,225,0.02,s,3,35
272,lateral_left,"(270, 90)","(0.02, 0)",b,3,35
273,backward_x,"(180, 180)","(0.02, 0)",b,3,35
274,diverging,"(270, 90)","(0.02, 0.02)",b,3,35
275,forward_right,-45,0.02,s,3,35
276,medial_left,"(90, 270)","(0, 0.02)",b,3,35
277,backward_left,135,0.02,s,3,35
278,left,180,0.02,s,3,35
279,backward_forward,"(180, 0)","(0.02, 0.02)",b,3,35
280,forward,-90,0.02,s,3,35
281,blank,-90,0,s,0,14400
282,medial_right,"(90, 270)","(0.02, 0)",b,3,35
283,right,0,0.02,s,3,35
284,forward_backward,"(0, 180)","(0.02, 0.02)",b,3,35
285,x_backward,"(180, 180)","(0, 0.02)",b,3,35
286,converging,"(90, 270)","(0.02, 0.02)",b,3,35
287,lateral_right,"(270, 90)","(0, 0.02)",b,3,35
288,x_forward,"(0, 0)","(0, 0.02)",b,3,35
289,backward,90,0.02,s,3,35
290,forward_x,"(0, 0)","(0.02, 0)",b,3,35
291,backward_right,45,0.02,s,3,35
292,forward_left,225,0.02,s,3,35
293,lateral_left,"(270, 90)","(0.02, 0)",b,3,35
294,backward_x,"(180, 180)","(0.02, 0)",b,3,35
295,diverging,"(270, 90)","(0.02, 0.02)",b,3,35
296,forward_right,-45,0.02,s,3,35
297,medial_left,"(90, 270)","(0, 0.02)",b,3,35
298,backward_left,135,0.02,s,3,35
299,left,180,0.02,s,3,35
300,backward_forward,"(180, 0)","(0.02, 0.02)",b,3,35
301,forward,-90,0.02,s,3,35
302,medial_right,"(90, 270)","(0.02, 0)",b,3,35
303,right,0,0.02,s,3,35
304,forward_backward,"(0, 180)","(0.02, 0.02)",b,3,35
305,x_backward,"(180, 180)","(0, 0.02)",b,3,35
306,converging,"(90, 270)","(0.02, 0.02)",b,3,35
307,lateral_right,"(270, 90)","(0, 0.02)",b,3,35
308,x_forward,"(0, 0)","(0, 0.02)",b,3,35
309,backward,90,0.02,s,3,35
310,forward_x,"(0, 0)","(0.02, 0)",b,3,35
311,backward_right,45,0.02,s,3,35
312,forward_left,225,0.02,s,3,35
313,lateral_left,"(270, 90)","(0.02, 0)",b,3,35
314,backward_x,"(180, 180)","(0.02, 0)",b,3,35
315,diverging,"(270, 90)","(0.02, 0.02)",b,3,35
316,forward_right,-45,0.02,s,3,35
317,medial_left,"(90, 270)","(0, 0.02)",b,3,35
318,backward_left,135,0.02,s,3,35
319,left,180,0.02,s,3,35
320,backward_forward,"(180, 0)","(0.02, 0.02)",b,3,35
321,forward,-90,0.02,s,3,35
322,medial_right,"(90, 270)","(0.02, 0)",b,3,35
323,right,0,0.02,s,3,35
324,forward_backward,"(0, 180)","(0.02, 0.02)",b,3,35
325,x_backward,"(180, 180)","(0, 0.02)",b,3,35
326,converging,"(90, 270)","(0.02, 0.02)",b,3,35
327,lateral_right,"(270, 90)","(0, 0.02)",b,3,35
328,x_forward,"(0, 0)","(0, 0.02)",b,3,35
329,backward,90,0.02,s,3,35
330,forward_x,"(0, 0)","(0.02, 0)",b,3,35
331,backward_right,45,0.02,s,3,35
332,forward_left,225,0.02,s,3,35
333,lateral_left,"(270, 90)","(0.02, 0)",b,3,35
334,backward_x,"(180, 180)","(0.02, 0)",b,3,35
335,diverging,"(270, 90)","(0.02, 0.02)",b,3,35
336,forward_right,-45,0.02,s,3,35
337,medial_left,"(90, 270)","(0, 0.02)",b,3,35
338,backward_left,135,0.02,s,3,35
339,left,180,0.02,s,3,35
340,backward_forward,"(180, 0)","(0.02, 0.02)",b,3,35
341,forward,-90,0.02,s,3,35
342,medial_right,"(90, 270)","(0.02, 0)",b,3,35
343,right,0,0.02,s,3,35
344,forward_backward,"(0, 180)","(0.02, 0.02)",b,3,35
345,x_backward,"(180, 180)","(0, 0.02)",b,3,35
346,converging,"(90, 270)","(0.02, 0.02)",b,3,35
347,lateral_right,"(270, 90)","(0, 0.02)",b,3,35
348,x_forward,"(0, 0)","(0, 0.02)",b,3,35
349,backward,90,0.02,s,3,35
350,forward_x,"(0, 0)","(0.02, 0)",b,3,35
351,backward_right,45,0.02,s,3,35
352,forward_left,225,0.02,s,3,35
353,lateral_left,"(270, 90)","(0.02, 0)",b,3,35
354,backward_x,"(180, 180)","(0.02, 0)",b,3,35
355,diverging,"(270, 90)","(0.02, 0.02)",b,3,35
356,forward_right,-45,0.02,s,3,35
357,medial_left,"(90, 270)","(0, 0.02)",b,3,35
358,backward_left,135,0.02,s,3,35
359,left,180,0.02,s,3,35
360,backward_forward,"(180, 0)","(0.02, 0.02)",b,3,35
361,forward,-90,0.02,s,3,35
362,medial_right,"(90, 270)","(0.02, 0)",b,3,35
363,right,0,0.02,s,3,35
364,forward_backward,"(0, 180)","(0.02, 0.02)",b,3,35
365,x_backward,"(180, 180)","(0, 0.02)",b,3,35
366,converging,"(90, 270)","(0.02, 0.02)",b,3,35
367,lateral_right,"(270, 90)","(0, 0.02)",b,3,35
368,x_forward,"(0, 0)","(0, 0.02)",b,3,35
369,backward,90,0.02,s,3,35
370,forward_x,"(0, 0)","(0.02, 0)",b,3,35
371,backward_right,45,0.02,s,3,35
372,forward_left,225,0.02,s,3,35
373,lateral_left,"(270, 90)","(0.02, 0)",b,3,35
374,backward_x,"(180, 180)","(0.02, 0)",b,3,35
375,diverging,"(270, 90)","(0.02, 0.02)",b,3,35
376,forward_right,-45,0.02,s,3,35
377,medial_left,"(90, 270)","(0, 0.02)",b,3,35
378,backward_left,135,0.02,s,3,35
379,left,180,0.02,s,3,35
380,backward_forward,"(180, 0)","(0.02, 0.02)",b,3,35
381,forward,-90,0.02,s,3,35
382,medial_right,"(90, 270)","(0.02, 0)",b,3,35
383,right,0,0.02,s,3,35
384,forward_backward,"(0, 180)","(0.02, 0.02)",b,3,35
385,x_backward,"(180, 180)","(0, 0.02)",b,3,35
386,converging,"(90, 270)","(0.02, 0.02)",b,3,35
387,lateral_right,"(270, 90)","(0, 0.02)",b,3,35
388,x_forward,"(0, 0)","(0, 0.02)",b,3,35
389,backward,90,0.02,s,3,35
390,forward_x,"(0, 0)","(0.02, 0)",b,3,35
391,backward_right,45,0.02,s,3,35
392,forward_left,225,0.02,s,3,35
393,lateral_left,"(270, 90)","(0.02, 0)",b,3,35
394,backward_x,"(180, 180)","(0.02, 0)",b,3,35
395,diverging,"(270, 90)","(0.02, 0.02)",b,3,35
396,forward_right,-45,0.02,s,3,35
397,medial_left,"(90, 270)","(0, 0.02)",b,3,35
398,backward_left,135,0.02,s,3,35
399,left,180,0.02,s,3,35
400,backward_forward,"(180, 0)","(0.02, 0.02)",b,3,35
401,forward,-90,0.02,s,3,35
402,medial_right,"(90, 270)","(0.02, 0)",b,3,35
403,right,0,0.02,s,3,35
404,forward_backward,"(0, 180)","(0.02, 0.02)",b,3,35
405,x_backward,"(180, 180)","(0, 0.02)",b,3,35
406,converging,"(90, 270)","(0.02, 0.02)",b,3,35
407,lateral_right,"(270, 90)","(0, 0.02)",b,3,35
408,x_forward,"(0, 0)","(0, 0.02)",b,3,35
409,backward,90,0.02,s,3,35
410,forward_x,"(0, 0)","(0.02, 0)",b,3,35
411,backward_right,45,0.02,s,3,35
412,forward_left,225,0.02,s,3,35
413,lateral_left,"(270, 90)","(0.02, 0)",b,3,35
414,backward_x,"(180, 180)","(0.02, 0)",b,3,35
415,diverging,"(270, 90)","(0.02, 0.02)",b,3,35
416,forward_right,-45,0.02,s,3,35
417,medial_left,"(90, 270)","(0, 0.02)",b,3,35
418,backward_left,135,0.02,s,3,35
419,left,180,0.02,s,3,35
420,backward_forward,"(180, 0)","(0.02, 0.02)",b,3,35
421,forward,-90,0.02,s,3,35
422,blank,-90,0,s,0,14400
423,medial_right,"(90, 270)","(0.02, 0)",b,3,35
424,right,0,0.02,s,3,35
425,forward_backward,"(0, 180)","(0.02, 0.02)",b,3,35
426,x_backward,"(180, 180)","(0, 0.02)",b,3,35
427,converging,"(90, 270)","(0.02, 0.02)",b,3,35
428,lateral_right,"(270, 90)","(0, 0.02)",b,3,35
429,x_forward,"(0, 0)","(0, 0.02)",b,3,35
430,backward,90,0.02,s,3,35
431,forward_x,"(0, 0)","(0.02, 0)",b,3,35
432,backward_right,45,0.02,s,3,35
433,forward_left,225,0.02,s,3,35
434,lateral_left,"(270, 90)","(0.02, 0)",b,3,35
435,backward_x,"(180, 180)","(0.02, 0)",b,3,35
436,diverging,"(270, 90)","(0.02, 0.02)",b,3,35
437,forward_right,-45,0.02,s,3,35
438,medial_left,"(90, 270)","(0, 0.02)",b,3,35
439,backward_left,135,0.02,s,3,35
440,left,180,0.02,s,3,35
441,backward_forward,"(180, 0)","(0.02, 0.02)",b,3,35
442,forward,-90,0.02,s,3,35
443,medial_right,"(90, 270)","(0.02, 0)",b,3,35
444,right,0,0.02,s,3,35
445,forward_backward,"(0, 180)","(0.02, 0.02)",b,3,35
446,x_backward,"(180, 180)","(0, 0.02)",b,3,35
447,converging,"(90, 270)","(0.02, 0.02)",b,3,35
448,lateral_right,"(270, 90)","(0, 0.02)",b,3,35
449,x_forward,"(0, 0)","(0, 0.02)",b,3,35
450,backward,90,0.02,s,3,35
451,forward_x,"(0, 0)","(0.02, 0)",b,3,35
452,backward_right,45,0.02,s,3,35
453,forward_left,225,0.02,s,3,35
454,lateral_left,"(270, 90)","(0.02, 0)",b,3,35
455,backward_x,"(180, 180)","(0.02, 0)",b,3,35
456,diverging,"(270, 90)","(0.02, 0.02)",b,3,35
457,forward_right,-45,0.02,s,3,35
458,medial_left,"(90, 270)","(0, 0.02)",b,3,35
459,backward_left,135,0.02,s,3,35
460,left,180,0.02,s,3,35
461,backward_forward,"(180, 0)","(0.02, 0.02)",b,3,35
462,forward,-90,0.02,s,3,35
463,medial_right,"(90, 270)","(0.02, 0)",b,3,35
464,right,0,0.02,s,3,35
465,forward_backward,"(0, 180)","(0.02, 0.02)",b,3,35
466,x_backward,"(180, 180)","(0, 0.02)",b,3,35
467,converging,"(90, 270)","(0.02, 0.02)",b,3,35
468,lateral_right,"(270, 90)","(0, 0.02)",b,3,35
469,x_forward,"(0, 0)","(0, 0.02)",b,3,35
470,backward,90,0.02,s,3,35
471,forward_x,"(0, 0)","(0.02, 0)",b,3,35
472,backward_right,45,0.02,s,3,35
473,forward_left,225,0.02,s,3,35
474,lateral_left,"(270, 90)","(0.02, 0)",b,3,35
475,backward_x,"(180, 180)","(0.02, 0)",b,3,35
476,diverging,"(270, 90)","(0.02, 0.02)",b,3,35
477,forward_right,-45,0.02,s,3,35
478,medial_left,"(90, 270)","(0, 0.02)",b,3,35
479,backward_left,135,0.02,s,3,35
480,left,180,0.02,s,3,35
481,backward_forward,"(180, 0)","(0.02, 0.02)",b,3,35
482,forward,-90,0.02,s,3,35
483,medial_right,"(90, 270)","(0.02, 0)",b,3,35
484,right,0,0.02,s,3,35
485,forward_backward,"(0, 180)","(0.02, 0.02)",b,3,35
486,x_backward,"(180, 180)","(0, 0.02)",b,3,35
487,converging,"(90, 270)","(0.02, 0.02)",b,3,35
488,lateral_right,"(270, 90)","(0, 0.02)",b,3,35
489,x_forward,"(0, 0)","(0, 0.02)",b,3,35
490,backward,90,0.02,s,3,35
491,forward_x,"(0, 0)","(0.02, 0)",b,3,35
492,backward_right,45,0.02,s,3,35
493,forward_left,225,0.02,s,3,35
494,lateral_left,"(270, 90)","(0.02, 0)",b,3,35
495,backward_x,"(180, 180)","(0.02, 0)",b,3,35
496,diverging,"(270, 90)","(0.02, 0.02)",b,3,35
497,forward_right,-45,0.02,s,3,35
498,medial_left,"(90, 270)","(0, 0.02)",b,3,35
499,backward_left,135,0.02,s,3,35
500,left,180,0.02,s,3,35
501,backward_forward,"(180, 0)","(0.02, 0.02)",b,3,35
502,forward,-90,0.02,s,3,35
503,medial_right,"(90, 270)","(0.02, 0)",b,3,35
504,right,0,0.02,s,3,35
505,forward_backward,"(0, 180)","(0.02, 0.02)",b,3,35
506,x_backward,"(180, 180)","(0, 0.02)",b,3,35
507,converging,"(90, 270)","(0.02, 0.02)",b,3,35
508,lateral_right,"(270, 90)","(0, 0.02)",b,3,35
509,x_forward,"(0, 0)","(0, 0.02)",b,3,35
510,backward,90,0.02,s,3,35
511,forward_x,"(0, 0)","(0.02, 0)",b,3,35
512,backward_right,45,0.02,s,3,35
513,forward_left,225,0.02,s,3,35
514,lateral_left,"(270, 90)","(0.02, 0)",b,3,35
515,backward_x,"(180, 180)","(0.02, 0)",b,3,35
516,diverging,"(270, 90)","(0.02, 0.02)",b,3,35
517,forward_right,-45,0.02,s,3,35
518,medial_left,"(90, 270)","(0, 0.02)",b,3,35
519,backward_left,135,0.02,s,3,35
520,left,180,0.02,s,3,35
521,backward_forward,"(180, 0)","(0.02, 0.02)",b,3,35
522,forward,-90,0.02,s,3,35
523,medial_right,"(90, 270)","(0.02, 0)",b,3,35
524,right,0,0.02,s,3,35
525,forward_backward,"(0, 180)","(0.02, 0.02)",b,3,35
526,x_backward,"(180, 180)","(0, 0.02)",b,3,35
527,converging,"(90, 270)","(0.02, 0.02)",b,3,35
528,lateral_right,"(270, 90)","(0, 0.02)",b,3,35
529,x_forward,"(0, 0)","(0, 0.02)",b,3,35
530,backward,90,0.02,s,3,35
531,forward_x,"(0, 0)","(0.02, 0)",b,3,35
532,backward_right,45,0.02,s,3,35
533,forward_left,225,0.02,s,3,35
534,lateral_left,"(270, 90)","(0.02, 0)",b,3,35
535,backward_x,"(180, 180)","(0.02, 0)",b,3,35
536,diverging,"(270, 90)","(0.02, 0.02)",b,3,35
537,forward_right,-45,0.02,s,3,35
538,medial_left,"(90, 270)","(0, 0.02)",b,3,35
539,backward_left,135,0.02,s,3,35
540,left,180,0.02,s,3,35
541,backward_forward,"(180, 0)","(0.02, 0.02)",b,3,35
542,forward,-90,0.02,s,3,35
543,medial_right,"(90, 270)","(0.02, 0)",b,3,35
544,right,0,0.02,s,3,35
545,forward_backward,"(0, 180)","(0.02, 0.02)",b,3,35
546,x_backward,"(180, 180)","(0, 0.02)",b,3,35
547,converging,"(90, 270)","(0.02, 0.02)",b,3,35
548,lateral_right,"(270, 90)","(0, 0.02)",b,3,35
549,x_forward,"(0, 0)","(0, 0.02)",b,3,35
550,backward,90,0.02,s,3,35
551,forward_x,"(0, 0)","(0.02, 0)",b,3,35
552,backward_right,45,0.02,s,3,35
553,forward_left,225,0.02,s,3,35
554,lateral_left,"(270, 90)","(0.02, 0)",b,3,35
555,backward_x,"(180, 180)","(0.02, 0)",b,3,35
556,diverging,"(270, 90)","(0.02, 0.02)",b,3,35
557,forward_right,-45,0.02,s,3,35
558,medial_left,"(90, 270)","(0, 0.02)",b,3,35
559,backward_left,135,0.02,s,3,35
560,left,180,0.02,s,3,35
561,backward_forward,"(180, 0)","(0.02, 0.02)",b,3,35
562,forward,-90,0.02,s,3,35
563,blank,-90,0,s,0,14400
564,medial_right,"(90, 270)","(0.02, 0)",b,3,35
565,right,0,0.02,s,3,35
566,forward_backward,"(0, 180)","(0.02, 0.02)",b,3,35
567,x_backward,"(180, 180)","(0, 0.02)",b,3,35
568,converging,"(90, 270)","(0.02, 0.02)",b,3,35
569,lateral_right,"(270, 90)","(0, 0.02)",b,3,35
570,x_forward,"(0, 0)","(0, 0.02)",b,3,35
571,backward,90,0.02,s,3,35
572,forward_x,"(0, 0)","(0.02, 0)",b,3,35
573,backward_right,45,0.02,s,3,35
574,forward_left,225,0.02,s,3,35
575,lateral_left,"(270, 90)","(0.02, 0)",b,3,35
576,backward_x,"(180, 180)","(0.02, 0)",b,3,35
577,diverging,"(270, 90)","(0.02, 0.02)",b,3,35
578,forward_right,-45,0.02,s,3,35
579,medial_left,"(90, 270)","(0, 0.02)",b,3,35
580,backward_left,135,0.02,s,3,35
581,left,180,0.02,s,3,35
582,backward_forward,"(180, 0)","(0.02, 0.02)",b,3,35
583,forward,-90,0.02,s,3,35
584,medial_right,"(90, 270)","(0.02, 0)",b,3,35
585,right,0,0.02,s,3,35
586,forward_backward,"(0, 180)","(0.02, 0.02)",b,3,35
587,x_backward,"(180, 180)","(0, 0.02)",b,3,35
588,converging,"(90, 270)","(0.02, 0.02)",b,3,35
589,lateral_right,"(270, 90)","(0, 0.02)",b,3,35
590,x_forward,"(0, 0)","(0, 0.02)",b,3,35
591,backward,90,0.02,s,3,35
592,forward_x,"(0, 0)","(0.02, 0)",b,3,35
593,backward_right,45,0.02,s,3,35
594,forward_left,225,0.02,s,3,35
595,lateral_left,"(270, 90)","(0.02, 0)",b,3,35
596,backward_x,"(180, 180)","(0.02, 0)",b,3,35
597,diverging,"(270, 90)","(0.02, 0.02)",b,3,35
598,forward_right,-45,0.02,s,3,35
599,medial_left,"(90, 270)","(0, 0.02)",b,3,35
600,backward_left,135,0.02,s,3,35
601,left,180,0.02,s,3,35
602,backward_forward,"(180, 0)","(0.02, 0.02)",b,3,35
603,forward,-90,0.02,s,3,35
604,medial_right,"(90, 270)","(0.02, 0)",b,3,35
605,right,0,0.02,s,3,35
606,forward_backward,"(0, 180)","(0.02, 0.02)",b,3,35
607,x_backward,"(180, 180)","(0, 0.02)",b,3,35
608,converging,"(90, 270)","(0.02, 0.02)",b,3,35
609,lateral_right,"(270, 90)","(0, 0.02)",b,3,35
610,x_forward,"(0, 0)","(0, 0.02)",b,3,35
611,backward,90,0.02,s,3,35
612,forward_x,"(0, 0)","(0.02, 0)",b,3,35
613,backward_right,45,0.02,s,3,35
614,forward_left,225,0.02,s,3,35
615,lateral_left,"(270, 90)","(0.02, 0)",b,3,35
616,backward_x,"(180, 180)","(0.02, 0)",b,3,35
617,diverging,"(270, 90)","(0.02, 0.02)",b,3,35
618,forward_right,-45,0.02,s,3,35
619,medial_left,"(90, 270)","(0, 0.02)",b,3,35
620,backward_left,135,0.02,s,3,35
621,left,180,0.02,s,3,35
622,backward_forward,"(180, 0)","(0.02, 0.02)",b,3,35
623,forward,-90,0.02,s,3,35
624,medial_right,"(90, 270)","(0.02, 0)",b,3,35
625,right,0,0.02,s,3,35
626,forward_backward,"(0, 180)","(0.02, 0.02)",b,3,35
627,x_backward,"(180, 180)","(0, 0.02)",b,3,35
628,converging,"(90, 270)","(0.02, 0.02)",b,3,35
629,lateral_right,"(270, 90)","(0, 0.02)",b,3,35
630,x_forward,"(0, 0)","(0, 0.02)",b,3,35
631,backward,90,0.02,s,3,35
632,forward_x,"(0, 0)","(0.02, 0)",b,3,35
633,backward_right,45,0.02,s,3,35
634,forward_left,225,0.02,s,3,35
635,lateral_left,"(270, 90)","(0.02, 0)",b,3,35
636,backward_x,"(180, 180)","(0.02, 0)",b,3,35
637,diverging,"(270, 90)","(0.02, 0.02)",b,3,35
638,forward_right,-45,0.02,s,3,35
639,medial_left,"(90, 270)","(0, 0.02)",b,3,35
640,backward_left,135,0.02,s,3,35
641,left,180,0.02,s,3,35
642,backward_forward,"(180, 0)","(0.02, 0.02)",b,3,35
643,forward,-90,0.02,s,3,35
644,medial_right,"(90, 270)","(0.02, 0)",b,3,35
645,right,0,0.02,s,3,35
646,forward_backward,"(0, 180)","(0.02, 0.02)",b,3,35
647,x_backward,"(180, 180)","(0, 0.02)",b,3,35
648,converging,"(90, 270)","(0.02, 0.02)",b,3,35
649,lateral_right,"(270, 90)","(0, 0.02)",b,3,35
650,x_forward,"(0, 0)","(0, 0.02)",b,3,35
651,backward,90,0.02,s,3,35
652,forward_x,"(0, 0)","(0.02, 0)",b,3,35
653,backward_right,45,0.02,s,3,35
654,forward_left,225,0.02,s,3,35
655,lateral_left,"(270, 90)","(0.02, 0)",b,3,35
656,backward_x,"(180, 180)","(0.02, 0)",b,3,35
657,diverging,"(270, 90)","(0.02, 0.02)",b,3,35
658,forward_right,-45,0.02,s,3,35
659,medial_left,"(90, 270)","(0, 0.02)",b,3,35
660,backward_left,135,0.02,s,3,35
661,left,180,0.02,s,3,35
662,backward_forward,"(180, 0)","(0.02, 0.02)",b,3,35
663,forward,-90,0.02,s,3,35
664,medial_right,"(90, 270)","(0.02, 0)",b,3,35
665,right,0,0.02,s,3,35
666,forward_backward,"(0, 180)","(0.02, 0.02)",b,3,35
667,x_backward,"(180, 180)","(0, 0.02)",b,3,35
668,converging,"(90, 270)","(0.02, 0.02)",b,3,35
669,lateral_right,"(270, 90)","(0, 0.02)",b,3,35
670,x_forward,"(0, 0)","(0, 0.02)",b,3,35
671,backward,90,0.02,s,3,35
672,forward_x,"(0, 0)","(0.02, 0)",b,3,35
673,backward_right,45,0.02,s,3,35
674,forward_left,225,0.02,s,3,35
675,lateral_left,"(270, 90)","(0.02, 0)",b,3,35
676,backward_x,"(180, 180)","(0.02, 0)",b,3,35
677,diverging,"(270, 90)","(0.02, 0.02)",b,3,35
678,forward_right,-45,0.02,s,3,35
679,medial_left,"(90, 270)","(0, 0.02)",b,3,35
680,backward_left,135,0.02,s,3,35
681,left,180,0.02,s,3,35
682,backward_forward,"(180, 0)","(0.02, 0.02)",b,3,35
683,forward,-90,0.02,s,3,35
684,medial_right,"(90, 270)","(0.02, 0)",b,3,35
685,right,0,0.02,s,3,35
686,forward_backward,"(0, 180)","(0.02, 0.02)",b,3,35
687,x_backward,"(180, 180)","(0, 0.02)",b,3,35
688,converging,"(90, 270)","(0.02, 0.02)",b,3,35
689,lateral_right,"(270, 90)","(0, 0.02)",b,3,35
690,x_forward,"(0, 0)","(0, 0.02)",b,3,35
691,backward,90,0.02,s,3,35
692,forward_x,"(0, 0)","(0.02, 0)",b,3,35
693,backward_right,45,0.02,s,3,35
694,forward_left,225,0.02,s,3,35
695,lateral_left,"(270, 90)","(0.02, 0)",b,3,35
696,backward_x,"(180, 180)","(0.02, 0)",b,3,35
697,diverging,"(270, 90)","(0.02, 0.02)",b,3,35
698,forward_right,-45,0.02,s,3,35
699,medial_left,"(90, 270)","(0, 0.02)",b,3,35
700,backward_left,135,0.02,s,3,35
701,left,180,0.02,s,3,35
702,backward_forward,"(180, 0)","(0.02, 0.02)",b,3,35
703,forward,-90,0.02,s,3,35
704,blank,-90,0,s,0,14400
705,medial_right,"(90, 270)","(0.02, 0)",b,3,35
706,right,0,0.02,s,3,35
707,forward_backward,"(0, 180)","(0.02, 0.02)",b,3,35
708,x_backward,"(180, 180)","(0, 0.02)",b,3,35
709,converging,"(90, 270)","(0.02, 0.02)",b,3,35
710,lateral_right,"(270, 90)","(0, 0.02)",b,3,35
711,x_forward,"(0, 0)","(0, 0.02)",b,3,35
712,backward,90,0.02,s,3,35
713,forward_x,"(0, 0)","(0.02, 0)",b,3,35
714,backward_right,45,0.02,s,3,35
715,forward_left,225,0.02,s,3,35
716,lateral_left,"(270, 90)","(0.02, 0)",b,3,35
717,backward_x,"(180, 180)","(0.02, 0)",b,3,35
718,diverging,"(270, 90)","(0.02, 0.02)",b,3,35
719,forward_right,-45,0.02,s,3,35
720,medial_left,"(90, 270)","(0, 0.02)",b,3,35
721,backward_left,135,0.02,s,3,35
722,left,180,0.02,s,3,35
723,backward_forward,"(180, 0)","(0.02, 0.02)",b,3,35
724,forward,-90,0.02,s,3,35
725,medial_right,"(90, 270)","(0.02, 0)",b,3,35
726,right,0,0.02,s,3,35
727,forward_backward,"(0, 180)","(0.02, 0.02)",b,3,35
728,x_backward,"(180, 180)","(0, 0.02)",b,3,35
729,converging,"(90, 270)","(0.02, 0.02)",b,3,35
730,lateral_right,"(270, 90)","(0, 0.02)",b,3,35
731,x_forward,"(0, 0)","(0, 0.02)",b,3,35
732,backward,90,0.02,s,3,35
733,forward_x,"(0, 0)","(0.02, 0)",b,3,35
734,backward_right,45,0.02,s,3,35
735,forward_left,225,0.02,s,3,35
736,lateral_left,"(270, 90)","(0.02, 0)",b,3,35
737,backward_x,"(180, 180)","(0.02, 0)",b,3,35
738,diverging,"(270, 90)","(0.02, 0.02)",b,3,35
739,forward_right,-45,0.02,s,3,35
740,medial_left,"(90, 270)","(0, 0.02)",b,3,35
741,backward_left,135,0.02,s,3,35
742,left,180,0.02,s,3,35
743,backward_forward,"(180, 0)","(0.02, 0.02)",b,3,35
744,forward,-90,0.02,s,3,35
745,medial_right,"(90, 270)","(0.02, 0)",b,3,35
746,right,0,0.02,s,3,35
747,forward_backward,"(0, 180)","(0.02, 0.02)",b,3,35
748,x_backward,"(180, 180)","(0, 0.02)",b,3,35
749,converging,"(90, 270)","(0.02, 0.02)",b,3,35
750,lateral_right,"(270, 90)","(0, 0.02)",b,3,35
751,x_forward,"(0, 0)","(0, 0.02)",b,3,35
752,backward,90,0.02,s,3,35
753,forward_x,"(0, 0)","(0.02, 0)",b,3,35
754,backward_right,45,0.02,s,3,35
755,forward_left,225,0.02,s,3,35
756,lateral_left,"(270, 90)","(0.02, 0)",b,3,35
757,backward_x,"(180, 180)","(0.02, 0)",b,3,35
758,diverging,"(270, 90)","(0.02, 0.02)",b,3,35
759,forward_right,-45,0.02,s,3,35
760,medial_left,"(90, 270)","(0, 0.02)",b,3,35
761,backward_left,135,0.02,s,3,35
762,left,180,0.02,s,3,35
763,backward_forward,"(180, 0)","(0.02, 0.02)",b,3,35
764,forward,-90,0.02,s,3,35
765,medial_right,"(90, 270)","(0.02, 0)",b,3,35
766,right,0,0.02,s,3,35
767,forward_backward,"(0, 180)","(0.02, 0.02)",b,3,35
768,x_backward,"(180, 180)","(0, 0.02)",b,3,35
769,converging,"(90, 270)","(0.02, 0.02)",b,3,35
770,lateral_right,"(270, 90)","(0, 0.02)",b,3,35
771,x_forward,"(0, 0)","(0, 0.02)",b,3,35
772,backward,90,0.02,s,3,35
773,forward_x,"(0, 0)","(0.02, 0)",b,3,35
774,backward_right,45,0.02,s,3,35
775,forward_left,225,0.02,s,3,35
776,lateral_left,"(270, 90)","(0.02, 0)",b,3,35
777,backward_x,"(180, 180)","(0.02, 0)",b,3,35
778,diverging,"(270, 90)","(0.02, 0.02)",b,3,35
779,forward_right,-45,0.02,s,3,35
780,medial_left,"(90, 270)","(0, 0.02)",b,3,35
781,backward_left,135,0.02,s,3,35
782,left,180,0.02,s,3,35
783,backward_forward,"(180, 0)","(0.02, 0.02)",b,3,35
784,forward,-90,0.02,s,3,35
785,medial_right,"(90, 270)","(0.02, 0)",b,3,35
786,right,0,0.02,s,3,35
787,forward_backward,"(0, 180)","(0.02, 0.02)",b,3,35
788,x_backward,"(180, 180)","(0, 0.02)",b,3,35
789,converging,"(90, 270)","(0.02, 0.02)",b,3,35
790,lateral_right,"(270, 90)","(0, 0.02)",b,3,35
791,x_forward,"(0, 0)","(0, 0.02)",b,3,35
792,backward,90,0.02,s,3,35
793,forward_x,"(0, 0)","(0.02, 0)",b,3,35
794,backward_right,45,0.02,s,3,35
795,forward_left,225,0.02,s,3,35
796,lateral_left,"(270, 90)","(0.02, 0)",b,3,35
797,backward_x,"(180, 180)","(0.02, 0)",b,3,35
798,diverging,"(270, 90)","(0.02, 0.02)",b,3,35
799,forward_right,-45,0.02,s,3,35
800,medial_left,"(90, 270)","(0, 0.02)",b,3,35
801,backward_left,135,0.02,s,3,35
802,left,180,0.02,s,3,35
803,backward_forward,"(180, 0)","(0.02, 0.02)",b,3,35
804,forward,-90,0.02,s,3,35
805,medial_right,"(90, 270)","(0.02, 0)",b,3,35
806,right,0,0.02,s,3,35
807,forward_backward,"(0, 180)","(0.02, 0.02)",b,3,35
808,x_backward,"(180, 180)","(0, 0.02)",b,3,35
809,converging,"(90, 270)","(0.02, 0.02)",b,3,35
810,lateral_right,"(270, 90)","(0, 0.02)",b,3,35
811,x_forward,"(0, 0)","(0, 0.02)",b,3,35
812,backward,90,0.02,s,3,35
813,forward_x,"(0, 0)","(0.02, 0)",b,3,35
814,backward_right,45,0.02,s,3,35
815,forward_left,225,0.02,s,3,35
816,lateral_left,"(270, 90)","(0.02, 0)",b,3,35
817,backward_x,"(180, 180)","(0.02, 0)",b,3,35
818,diverging,"(270, 90)","(0.02, 0.02)",b,3,35
819,forward_right,-45,0.02,s,3,35
820,medial_left,"(90, 270)","(0, 0.02)",b,3,35
821,backward_left,135,0.02,s,3,35
822,left,180,0.02,s,3,35
823,backward_forward,"(180, 0)","(0.02, 0.02)",b,3,35
824,forward,-90,0.02,s,3,35
825,medial_right,"(90, 270)","(0.02, 0)",b,3,35
826,right,0,0.02,s,3,35
827,forward_backward,"(0, 180)","(0.02, 0.02)",b,3,35
828,x_backward,"(180, 180)","(0, 0.02)",b,3,35
829,converging,"(90, 270)","(0.02, 0.02)",b,3,35
830,lateral_right,"(270, 90)","(0, 0.02)",b,3,35
831,x_forward,"(0, 0)","(0, 0.02)",b,3,35
832,backward,90,0.02,s,3,35
833,forward_x,"(0, 0)","(0.02, 0)",b,3,35
834,backward_right,45,0.02,s,3,35
835,forward_left,225,0.02,s,3,35
836,lateral_left,"(270, 90)","(0.02, 0)",b,3,35
837,backward_x,"(180, 180)","(0.02, 0)",b,3,35
838,diverging,"(270, 90)","(0.02, 0.02)",b,3,35
839,forward_right,-45,0.02,s,3,35
840,medial_left,"(90, 270)","(0, 0.02)",b,3,35
841,backward_left,135,0.02,s,3,35
842,left,180,0.02,s,3,35
843,backward_forward,"(180, 0)","(0.02, 0.02)",b,3,35
844,forward,-90,0.02,s,3,35
845,blank,-90,0,s,0,14400
846,medial_right,"(90, 270)","(0.02, 0)",b,3,35
847,right,0,0.02,s,3,35
848,forward_backward,"(0, 180)","(0.02, 0.02)",b,3,35
849,x_backward,"(180, 180)","(0, 0.02)",b,3,35
850,converging,"(90, 270)","(0.02, 0.02)",b,3,35
851,lateral_right,"(270, 90)","(0, 0.02)",b,3,35
852,x_forward,"(0, 0)","(0, 0.02)",b,3,35
853,backward,90,0.02,s,3,35
854,forward_x,"(0, 0)","(0.02, 0)",b,3,35
855,backward_right,45,0.02,s,3,35
856,forward_left,225,0.02,s,3,35
857,lateral_left,"(270, 90)","(0.02, 0)",b,3,35
858,backward_x,"(180, 180)","(0.02, 0)",b,3,35
859,diverging,"(270, 90)","(0.02, 0.02)",b,3,35
860,forward_right,-45,0.02,s,3,35
861,medial_left,"(90, 270)","(0, 0.02)",b,3,35
862,backward_left,135,0.02,s,3,35
863,left,180,0.02,s,3,35
864,backward_forward,"(180, 0)","(0.02, 0.02)",b,3,35
865,forward,-90,0.02,s,3,35
866,medial_right,"(90, 270)","(0.02, 0)",b,3,35
867,right,0,0.02,s,3,35
868,forward_backward,"(0, 180)","(0.02, 0.02)",b,3,35
869,x_backward,"(180, 180)","(0, 0.02)",b,3,35
870,converging,"(90, 270)","(0.02, 0.02)",b,3,35
871,lateral_right,"(270, 90)","(0, 0.02)",b,3,35
872,x_forward,"(0, 0)","(0, 0.02)",b,3,35
873,backward,90,0.02,s,3,35
874,forward_x,"(0, 0)","(0.02, 0)",b,3,35
875,backward_right,45,0.02,s,3,35
876,forward_left,225,0.02,s,3,35
877,lateral_left,"(270, 90)","(0.02, 0)",b,3,35
878,backward_x,"(180, 180)","(0.02, 0)",b,3,35
879,diverging,"(270, 90)","(0.02, 0.02)",b,3,35
880,forward_right,-45,0.02,s,3,35
881,medial_left,"(90, 270)","(0, 0.02)",b,3,35
882,backward_left,135,0.02,s,3,35
883,left,180,0.02,s,3,35
884,backward_forward,"(180, 0)","(0.02, 0.02)",b,3,35
885,forward,-90,0.02,s,3,35
886,medial_right,"(90, 270)","(0.02, 0)",b,3,35
887,right,0,0.02,s,3,35
888,forward_backward,"(0, 180)","(0.02, 0.02)",b,3,35
889,x_backward,"(180, 180)","(0, 0.02)",b,3,35
890,converging,"(90, 270)","(0.02, 0.02)",b,3,35
891,lateral_right,"(270, 90)","(0, 0.02)",b,3,35
892,x_forward,"(0, 0)","(0, 0.02)",b,3,35
893,backward,90,0.02,s,3,35
894,forward_x,"(0, 0)","(0.02, 0)",b,3,35
895,backward_right,45,0.02,s,3,35
896,forward_left,225,0.02,s,3,35
897,lateral_left,"(270, 90)","(0.02, 0)",b,3,35
898,backward_x,"(180, 180)","(0.02, 0)",b,3,35
899,diverging,"(270, 90)","(0.02, 0.02)",b,3,35
900,forward_right,-45,0.02,s,3,35
901,medial_left,"(90, 270)","(0, 0.02)",b,3,35
902,backward_left,135,0.02,s,3,35
903,left,180,0.02,s,3,35
904,backward_forward,"(180, 0)","(0.02, 0.02)",b,3,35
905,forward,-90,0.02,s,3,35
906,medial_right,"(90, 270)","(0.02, 0)",b,3,35
907,right,0,0.02,s,3,35
908,forward_backward,"(0, 180)","(0.02, 0.02)",b,3,35
909,x_backward,"(180, 180)","(0, 0.02)",b,3,35
910,converging,"(90, 270)","(0.02, 0.02)",b,3,35
911,lateral_right,"(270, 90)","(0, 0.02)",b,3,35
912,x_forward,"(0, 0)","(0, 0.02)",b,3,35
913,backward,90,0.02,s,3,35
914,forward_x,"(0, 0)","(0.02, 0)",b,3,35
915,backward_right,45,0.02,s,3,35
916,forward_left,225,0.02,s,3,35
917,lateral_left,"(270, 90)","(0.02, 0)",b,3,35
918,backward_x,"(180, 180)","(0.02, 0)",b,3,35
919,diverging,"(270, 90)","(0.02, 0.02)",b,3,35
920,forward_right,-45,0.02,s,3,35
921,medial_left,"(90, 270)","(0, 0.02)",b,3,35
922,backward_left,135,0.02,s,3,35
923,left,180,0.02,s,3,35
924,backward_forward,"(180, 0)","(0.02, 0.02)",b,3,35
925,forward,-90,0.02,s,3,35
926,medial_right,"(90, 270)","(0.02, 0)",b,3,35
927,right,0,0.02,s,3,35
928,forward_backward,"(0, 180)","(0.02, 0.02)",b,3,35
929,x_backward,"(180, 180)","(0, 0.02)",b,3,35
930,converging,"(90, 270)","(0.02, 0.02)",b,3,35
931,lateral_right,"(270, 90)","(0, 0.02)",b,3,35
932,x_forward,"(0, 0)","(0, 0.02)",b,3,35
933,backward,90,0.02,s,3,35
934,forward_x,"(0, 0)","(0.02, 0)",b,3,35
935,backward_right,45,0.02,s,3,35
936,forward_left,225,0.02,s,3,35
937,lateral_left,"(270, 90)","(0.02, 0)",b,3,35
938,backward_x,"(180, 180)","(0.02, 0)",b,3,35
939,diverging,"(270, 90)","(0.02, 0.02)",b,3,35
940,forward_right,-45,0.02,s,3,35
941,medial_left,"(90, 270)","(0, 0.02)",b,3,35
942,backward_left,135,0.02,s,3,35
943,left,180,0.02,s,3,35
944,backward_forward,"(180, 0)","(0.02, 0.02)",b,3,35
945,forward,-90,0.02,s,3,35
946,medial_right,"(90, 270)","(0.02, 0)",b,3,35
947,right,0,0.02,s,3,35
948,forward_backward,"(0, 180)","(0.02, 0.02)",b,3,35
949,x_backward,"(180, 180)","(0, 0.02)",b,3,35
950,converging,"(90, 270)","(0.02, 0.02)",b,3,35
951,lateral_right,"(270, 90)","(0, 0.02)",b,3,35
952,x_forward,"(0, 0)","(0, 0.02)",b,3,35
953,backward,90,0.02,s,3,35
954,forward_x,"(0, 0)","(0.02, 0)",b,3,35
955,backward_right,45,0.02,s,3,35
956,forward_left,225,0.02,s,3,35
957,lateral_left,"(270, 90)","(0.02, 0)",b,3,35
958,backward_x,"(180, 180)","(0.02, 0)",b,3,35
959,diverging,"(270, 90)","(0.02, 0.02)",b,3,35
960,forward_right,-45,0.02,s,3,35
961,medial_left,"(90, 270)","(0, 0.02)",b,3,35
962,backward_left,135,0.02,s,3,35
963,left,180,0.02,s,3,35
964,backward_forward,"(180, 0)","(0.02, 0.02)",b,3,35
965,forward,-90,0.02,s,3,35
966,medial_right,"(90, 270)","(0.02, 0)",b,3,35
967,right,0,0.02,s,3,35
968,forward_backward,"(0, 180)","(0.02, 0.02)",b,3,35
969,x_backward,"(180, 180)","(0, 0.02)",b,3,35
970,converging,"(90, 270)","(0.02, 0.02)",b,3,35
971,lateral_right,"(270, 90)","(0, 0.02)",b,3,35
972,x_forward,"(0, 0)","(0, 0.02)",b,3,35
973,backward,90,0.02,s,3,35
974,forward_x,"(0, 0)","(0.02, 0)",b,3,35
975,backward_right,45,0.02,s,3,35
976,forward_left,225,0.02,s,3,35
977,lateral_left,"(270, 90)","(0.02, 0)",b,3,35
978,backward_x,"(180, 180)","(0.02, 0)",b,3,35
979,diverging,"(270, 90)","(0.02, 0.02)",b,3,35
980,forward_right,-45,0.02,s,3,35
981,medial_left,"(90, 270)","(0, 0.02)",b,3,35
982,backward_left,135,0.02,s,3,35
983,left,180,0.02,s,3,35
984,backward_forward,"(180, 0)","(0.02, 0.02)",b,3,35
985,forward,-90,0.02,s,3,35
986,blank,-90,0,s,0,14400
987,medial_right,"(90, 270)","(0.02, 0)",b,3,35
988,right,0,0.02,s,3,35
989,forward_backward,"(0, 180)","(0.02, 0.02)",b,3,35
990,x_backward,"(180, 180)","(0, 0.02)",b,3,35
991,converging,"(90, 270)","(0.02, 0.02)",b,3,35
992,lateral_right,"(270, 90)","(0, 0.02)",b,3,35
993,x_forward,"(0, 0)","(0, 0.02)",b,3,35
994,backward,90,0.02,s,3,35
995,forward_x,"(0, 0)","(0.02, 0)",b,3,35
996,backward_right,45,0.02,s,3,35
997,forward_left,225,0.02,s,3,35
998,lateral_left,"(270, 90)","(0.02, 0)",b,3,35
999,backward_x,"(180, 180)","(0.02, 0)",b,3,35
1000,diverging,"(270, 90)","(0.02, 0.02)",b,3,35
1001,forward_right,-45,0.02,s,3,35
1002,medial_left,"(90, 270)","(0, 0.02)",b,3,35
1003,backward_left,135,0.02,s,3,35
1004,left,180,0.02,s,3,35
1005,backward_forward,"(180, 0)","(0.02, 0.02)",b,3,35
1006,forward,-90,0.02,s,3,35
1007,medial_right,"(90, 270)","(0.02, 0)",b,3,35
1008,right,0,0.02,s,3,35
1009,forward_backward,"(0, 180)","(0.02, 0.02)",b,3,35
1010,x_backward,"(180, 180)","(0, 0.02)",b,3,35
1011,converging,"(90, 270)","(0.02, 0.02)",b,3,35
1012,lateral_right,"(270, 90)","(0, 0.02)",b,3,35
1013,x_forward,"(0, 0)","(0, 0.02)",b,3,35
1014,backward,90,0.02,s,3,35
1015,forward_x,"(0, 0)","(0.02, 0)",b,3,35
1016,backward_right,45,0.02,s,3,35
1017,forward_left,225,0.02,s,3,35
1018,lateral_left,"(270, 90)","(0.02, 0)",b,3,35
1019,backward_x,"(180, 180)","(0.02, 0)",b,3,35
1020,diverging,"(270, 90)","(0.02, 0.02)",b,3,35
1021,forward_right,-45,0.02,s,3,35
1022,medial_left,"(90, 270)","(0, 0.02)",b,3,35
1023,backward_left,135,0.02,s,3,35
1024,left,180,0.02,s,3,35
1025,backward_forward,"(180, 0)","(0.02, 0.02)",b,3,35
1026,forward,-90,0.02,s,3,35
1027,medial_right,"(90, 270)","(0.02, 0)",b,3,35
1028,right,0,0.02,s,3,35
1029,forward_backward,"(0, 180)","(0.02, 0.02)",b,3,35
1030,x_backward,"(180, 180)","(0, 0.02)",b,3,35
1031,converging,"(90, 270)","(0.02, 0.02)",b,3,35
1032,lateral_right,"(270, 90)","(0, 0.02)",b,3,35
1033,x_forward,"(0, 0)","(0, 0.02)",b,3,35
1034,backward,90,0.02,s,3,35
1035,forward_x,"(0, 0)","(0.02, 0)",b,3,35
1036,backward_right,45,0.02,s,3,35
1037,forward_left,225,0.02,s,3,35
1038,lateral_left,"(270, 90)","(0.02, 0)",b,3,35
1039,backward_x,"(180, 180)","(0.02, 0)",b,3,35
1040,diverging,"(270, 90)","(0.02, 0.02)",b,3,35
1041,forward_right,-45,0.02,s,3,35
1042,medial_left,"(90, 270)","(0, 0.02)",b,3,35
1043,backward_left,135,0.02,s,3,35
1044,left,180,0.02,s,3,35
1045,backward_forward,"(180, 0)","(0.02, 0.02)",b,3,35
1046,forward,-90,0.02,s,3,35
1047,medial_right,"(90, 270)","(0.02, 0)",b,3,35
1048,right,0,0.02,s,3,35
1049,forward_backward,"(0, 180)","(0.02, 0.02)",b,3,35
1050,x_backward,"(180, 180)","(0, 0.02)",b,3,35
1051,converging,"(90, 270)","(0.02, 0.02)",b,3,35
1052,lateral_right,"(270, 90)","(0, 0.02)",b,3,35
1053,x_forward,"(0, 0)","(0, 0.02)",b,3,35
1054,backward,90,0.02,s,3,35
1055,forward_x,"(0, 0)","(0.02, 0)",b,3,35
1056,backward_right,45,0.02,s,3,35
1057,forward_left,225,0.02,s,3,35
1058,lateral_left,"(270, 90)","(0.02, 0)",b,3,35
1059,backward_x,"(180, 180)","(0.02, 0)",b,3,35
1060,diverging,"(270, 90)","(0.02, 0.02)",b,3,35
1061,forward_right,-45,0.02,s,3,35
1062,medial_left,"(90, 270)","(0, 0.02)",b,3,35
1063,backward_left,135,0.02,s,3,35
1064,left,180,0.02,s,3,35
1065,backward_forward,"(180, 0)","(0.02, 0.02)",b,3,35
1066,forward,-90,0.02,s,3,35
1067,medial_right,"(90, 270)","(0.02, 0)",b,3,35
1068,right,0,0.02,s,3,35
1069,forward_backward,"(0, 180)","(0.02, 0.02)",b,3,35
1070,x_backward,"(180, 180)","(0, 0.02)",b,3,35
1071,converging,"(90, 270)","(0.02, 0.02)",b,3,35
1072,lateral_right,"(270, 90)","(0, 0.02)",b,3,35
1073,x_forward,"(0, 0)","(0, 0.02)",b,3,35
1074,backward,90,0.02,s,3,35
1075,forward_x,"(0, 0)","(0.02, 0)",b,3,35
1076,backward_right,45,0.02,s,3,35
1077,forward_left,225,0.02,s,3,35
1078,lateral_left,"(270, 90)","(0.02, 0)",b,3,35
1079,backward_x,"(180, 180)","(0.02, 0)",b,3,35
1080,diverging,"(270, 90)","(0.02, 0.02)",b,3,35
1081,forward_right,-45,0.02,s,3,35
1082,medial_left,"(90, 270)","(0, 0.02)",b,3,35
1083,backward_left,135,0.02,s,3,35
1084,left,180,0.02,s,3,35
1085,backward_forward,"(180, 0)","(0.02, 0.02)",b,3,35
1086,forward,-90,0.02,s,3,35
1087,medial_right,"(90, 270)","(0.02, 0)",b,3,35
1088,right,0,0.02,s,3,35
1089,forward_backward,"(0, 180)","(0.02, 0.02)",b,3,35
1090,x_backward,"(180, 180)","(0, 0.02)",b,3,35
1091,converging,"(90, 270)","(0.02, 0.02)",b,3,35
1092,lateral_right,"(270, 90)","(0, 0.02)",b,3,35
1093,x_forward,"(0, 0)","(0, 0.02)",b,3,35
1094,backward,90,0.02,s,3,35
1095,forward_x,"(0, 0)","(0.02, 0)",b,3,35
1096,backward_right,45,0.02,s,3,35
1097,forward_left,225,0.02,s,3,35
1098,lateral_left,"(270, 90)","(0.02, 0)",b,3,35
1099,backward_x,"(180, 180)","(0.02, 0)",b,3,35
1100,diverging,"(270, 90)","(0.02, 0.02)",b,3,35
1101,forward_right,-45,0.02,s,3,35
1102,medial_left,"(90, 270)","(0, 0.02)",b,3,35
1103,backward_left,135,0.02,s,3,35
1104,left,180,0.02,s,3,35
1105,backward_forward,"(180, 0)","(0.02, 0.02)",b,3,35
1106,forward,-90,0.02,s,3,35
1107,medial_right,"(90, 270)","(0.02, 0)",b,3,35
1108,right,0,0.02,s,3,35
1109,forward_backward,"(0, 180)","(0.02, 0.02)",b,3,35
1110,x_backward,"(180, 180)","(0, 0.02)",b,3,35
1111,converging,"(90, 270)","(0.02, 0.02)",b,3,35
1112,lateral_right,"(270, 90)","(0, 0.02)",b,3,35
1113,x_forward,"(0, 0)","(0, 0.02)",b,3,35
1114,backward,90,0.02,s,3,35
1115,forward_x,"(0, 0)","(0.02, 0)",b,3,35
1116,backward_right,45,0.02,s,3,35
1117,forward_left,225,0.02,s,3,35
1118,lateral_left,"(270, 90)","(0.02, 0)",b,3,35
1119,backward_x,"(180, 180)","(0.02, 0)",b,3,35
1120,diverging,"(270, 90)","(0.02, 0.02)",b,3,35
1121,forward_right,-45,0.02,s,3,35
1122,medial_left,"(90, 270)","(0, 0.02)",b,3,35
1123,backward_left,135,0.02,s,3,35
1124,left,180,0.02,s,3,35
1125,backward_forward,"(180, 0)","(0.02, 0.02)",b,3,35
1126,forward,-90,0.02,s,3,35
1127,blank,-90,0,s,0,14400
1128,medial_right,"(90, 270)","(0.02, 0)",b,3,35
1129,right,0,0.02,s,3,35
1130,forward_backward,"(0, 180)","(0.02, 0.02)",b,3,35
1131,x_backward,"(180, 180)","(0, 0.02)",b,3,35
1132,converging,"(90, 270)","(0.02, 0.02)",b,3,35
1133,lateral_right,"(270, 90)","(0, 0.02)",b,3,35
1134,x_forward,"(0, 0)","(0, 0.02)",b,3,35
1135,backward,90,0.02,s,3,35
1136,forward_x,"(0, 0)","(0.02, 0)",b,3,35
1137,backward_right,45,0.02,s,3,35
1138,forward_left,225,0.02,s,3,35
1139,lateral_left,"(270, 90)","(0.02, 0)",b,3,35
1140,backward_x,"(180, 180)","(0.02, 0)",b,3,35
1141,diverging,"(270, 90)","(0.02, 0.02)",b,3,35
1142,forward_right,-45,0.02,s,3,35
1143,medial_left,"(90, 270)","(0, 0.02)",b,3,35
1144,backward_left,135,0.02,s,3,35
1145,left,180,0.02,s,3,35
1146,backward_forward,"(180, 0)","(0.02, 0.02)",b,3,35
1147,forward,-90,0.02,s,3,35
1148,medial_right,"(90, 270)","(0.02, 0)",b,3,35
1149,right,0,0.02,s,3,35
1150,forward_backward,"(0, 180)","(0.02, 0.02)",b,3,35
1151,x_backward,"(180, 180)","(0, 0.02)",b,3,35
1152,converging,"(90, 270)","(0.02, 0.02)",b,3,35
1153,lateral_right,"(270, 90)","(0, 0.02)",b,3,35
1154,x_forward,"(0, 0)","(0, 0.02)",b,3,35
1155,backward,90,0.02,s,3,35
1156,forward_x,"(0, 0)","(0.02, 0)",b,3,35
1157,backward_right,45,0.02,s,3,35
1158,forward_left,225,0.02,s,3,35
1159,lateral_left,"(270, 90)","(0.02, 0)",b,3,35
1160,backward_x,"(180, 180)","(0.02, 0)",b,3,35
1161,diverging,"(270, 90)","(0.02, 0.02)",b,3,35
1162,forward_right,-45,0.02,s,3,35
1163,medial_left,"(90, 270)","(0, 0.02)",b,3,35
1164,backward_left,135,0.02,s,3,35
1165,left,180,0.02,s,3,35
1166,backward_forward,"(180, 0)","(0.02, 0.02)",b,3,35
1167,forward,-90,0.02,s,3,35
1168,medial_right,"(90, 270)","(0.02, 0)",b,3,35
1169,right,0,0.02,s,3,35
1170,forward_backward,"(0, 180)","(0.02, 0.02)",b,3,35
1171,x_backward,"(180, 180)","(0, 0.02)",b,3,35
1172,converging,"(90, 270)","(0.02, 0.02)",b,3,35
1173,lateral_right,"(270, 90)","(0, 0.02)",b,3,35
1174,x_forward,"(0, 0)","(0, 0.02)",b,3,35
1175,backward,90,0.02,s,3,35
1176,forward_x,"(0, 0)","(0.02, 0)",b,3,35
1177,backward_right,45,0.02,s,3,35
1178,forward_left,225,0.02,s,3,35
1179,lateral_left,"(270, 90)","(0.02, 0)",b,3,35
1180,backward_x,"(180, 180)","(0.02, 0)",b,3,35
1181,diverging,"(270, 90)","(0.02, 0.02)",b,3,35
1182,forward_right,-45,0.02,s,3,35
1183,medial_left,"(90, 270)","(0, 0.02)",b,3,35
1184,backward_left,135,0.02,s,3,35
1185,left,180,0.02,s,3,35
1186,backward_forward,"(180, 0)","(0.02, 0.02)",b,3,35
1187,forward,-90,0.02,s,3,35
1188,medial_right,"(90, 270)","(0.02, 0)",b,3,35
1189,right,0,0.02,s,3,35
1190,forward_backward,"(0, 180)","(0.02, 0.02)",b,3,35
1191,x_backward,"(180, 180)","(0, 0.02)",b,3,35
1192,converging,"(90, 270)","(0.02, 0.02)",b,3,35
1193,lateral_right,"(270, 90)","(0, 0.02)",b,3,35
1194,x_forward,"(0, 0)","(0, 0.02)",b,3,35
1195,backward,90,0.02,s,3,35
1196,forward_x,"(0, 0)","(0.02, 0)",b,3,35
1197,backward_right,45,0.02,s,3,35
1198,forward_left,225,0.02,s,3,35
1199,lateral_left,"(270, 90)","(0.02, 0)",b,3,35
1200,backward_x,"(180, 180)","(0.02, 0)",b,3,35
1201,diverging,"(270, 90)","(0.02, 0.02)",b,3,35
1202,forward_right,-45,0.02,s,3,35
1203,medial_left,"(90, 270)","(0, 0.02)",b,3,35
1204,backward_left,135,0.02,s,3,35
1205,left,180,0.02,s,3,35
1206,backward_forward,"(180, 0)","(0.02, 0.02)",b,3,35
1207,forward,-90,0.02,s,3,35
1208,medial_right,"(90, 270)","(0.02, 0)",b,3,35
1209,right,0,0.02,s,3,35
1210,forward_backward,"(0, 180)","(0.02, 0.02)",b,3,35
1211,x_backward,"(180, 180)","(0, 0.02)",b,3,35
1212,converging,"(90, 270)","(0.02, 0.02)",b,3,35
1213,lateral_right,"(270, 90)","(0, 0.02)",b,3,35
1214,x_forward,"(0, 0)","(0, 0.02)",b,3,35
1215,backward,90,0.02,s,3,35
1216,forward_x,"(0, 0)","(0.02, 0)",b,3,35
1217,backward_right,45,0.02,s,3,35
1218,forward_left,225,0.02,s,3,35
1219,lateral_left,"(270, 90)","(0.02, 0)",b,3,35
1220,backward_x,"(180, 180)","(0.02, 0)",b,3,35
1221,diverging,"(270, 90)","(0.02, 0.02)",b,3,35
1222,forward_right,-45,0.02,s,3,35
1223,medial_left,"(90, 270)","(0, 0.02)",b,3,35
1224,backward_left,135,0.02,s,3,35
1225,left,180,0.02,s,3,35
1226,backward_forward,"(180, 0)","(0.02, 0.02)",b,3,35
1227,forward,-90,0.02,s,3,35
1228,medial_right,"(90, 270)","(0.02, 0)",b,3,35
1229,right,0,0.02,s,3,35
1230,forward_backward,"(0, 180)","(0.02, 0.02)",b,3,35
1231,x_backward,"(180, 180)","(0, 0.02)",b,3,35
1232,converging,"(90, 270)","(0.02, 0.02)",b,3,35
1233,lateral_right,"(270, 90)","(0, 0.02)",b,3,35
1234,x_forward,"(0, 0)","(0, 0.02)",b,3,35
1235,backward,90,0.02,s,3,35
1236,forward_x,"(0, 0)","(0.02, 0)",b,3,35
1237,backward_right,45,0.02,s,3,35
1238,forward_left,225,0.02,s,3,35
1239,lateral_left,"(270, 90)","(0.02, 0)",b,3,35
1240,backward_x,"(180, 180)","(0.02, 0)",b,3,35
1241,diverging,"(270, 90)","(0.02, 0.02)",b,3,35
1242,forward_right,-45,0.02,s,3,35
1243,medial_left,"(90, 270)","(0, 0.02)",b,3,35
1244,backward_left,135,0.02,s,3,35
1245,left,180,0.02,s,3,35
1246,backward_forward,"(180, 0)","(0.02, 0.02)",b,3,35
1247,forward,-90,0.02,s,3,35
1248,medial_right,"(90, 270)","(0.02, 0)",b,3,35
1249,right,0,0.02,s,3,35
1250,forward_backward,"(0, 180)","(0.02, 0.02)",b,3,35
1251,x_backward,"(180, 180)","(0, 0.02)",b,3,35
1252,converging,"(90, 270)","(0.02, 0.02)",b,3,35
1253,lateral_right,"(270, 90)","(0, 0.02)",b,3,35
1254,x_forward,"(0, 0)","(0, 0.02)",b,3,35
1255,backward,90,0.02,s,3,35
1256,forward_x,"(0, 0)","(0.02, 0)",b,3,35
1257,backward_right,45,0.02,s,3,35
1258,forward_left,225,0.02,s,3,35
1259,lateral_left,"(270, 90)","(0.02, 0)",b,3,35
1260,backward_x,"(180, 180)","(0.02, 0)",b,3,35
1261,diverging,"(270, 90)","(0.02, 0.02)",b,3,35
1262,forward_right,-45,0.02,s,3,35
1263,medial_left,"(90, 270)","(0, 0.02)",b,3,35
1264,backward_left,135,0.02,s,3,35
1265,left,180,0.02,s,3,35
1266,backward_forward,"(180, 0)","(0.02, 0.02)",b,3,35
1267,forward,-90,0.02,s,3,35
1268,blank,-90,0,s,0,14400
1269,medial_right,"(90, 270)","(0.02, 0)",b,3,35
1270,right,0,0.02,s,3,35
1271,forward_backward,"(0, 180)","(0.02, 0.02)",b,3,35
1272,x_backward,"(180, 180)","(0, 0.02)",b,3,35
1273,converging,"(90, 270)","(0.02, 0.02)",b,3,35
1274,lateral_right,"(270, 90)","(0, 0.02)",b,3,35
1275,x_forward,"(0, 0)","(0, 0.02)",b,3,35
1276,backward,90,0.02,s,3,35
1277,forward_x,"(0, 0)","(0.02, 0)",b,3,35
1278,backward_right,45,0.02,s,3,35
1279,forward_left,225,0.02,s,3,35
1280,lateral_left,"(270, 90)","(0.02, 0)",b,3,35
1281,backward_x,"(180, 180)","(0.02, 0)",b,3,35
1282,diverging,"(270, 90)","(0.02, 0.02)",b,3,35
1283,forward_right,-45,0.02,s,3,35
1284,medial_left,"(90, 270)","(0, 0.02)",b,3,35
1285,backward_left,135,0.02,s,3,35
1286,left,180,0.02,s,3,35
1287,backward_forward,"(180, 0)","(0.02, 0.02)",b,3,35
1288,forward,-90,0.02,s,3,35
1289,medial_right,"(90, 270)","(0.02, 0)",b,3,35
1290,right,0,0.02,s,3,35
1291,forward_backward,"(0, 180)","(0.02, 0.02)",b,3,35
1292,x_backward,"(180, 180)","(0, 0.02)",b,3,35
1293,converging,"(90, 270)","(0.02, 0.02)",b,3,35
1294,lateral_right,"(270, 90)","(0, 0.02)",b,3,35
1295,x_forward,"(0, 0)","(0, 0.02)",b,3,35
1296,backward,90,0.02,s,3,35
1297,forward_x,"(0, 0)","(0.02, 0)",b,3,35
1298,backward_right,45,0.02,s,3,35
1299,forward_left,225,0.02,s,3,35
1300,lateral_left,"(270, 90)","(0.02, 0)",b,3,35
1301,backward_x,"(180, 180)","(0.02, 0)",b,3,35
1302,diverging,"(270, 90)","(0.02, 0.02)",b,3,35
1303,forward_right,-45,0.02,s,3,35
1304,medial_left,"(90, 270)","(0, 0.02)",b,3,35
1305,backward_left,135,0.02,s,3,35
1306,left,180,0.02,s,3,35
1307,backward_forward,"(180, 0)","(0.02, 0.02)",b,3,35
1308,forward,-90,0.02,s,3,35
1309,medial_right,"(90, 270)","(0.02, 0)",b,3,35
1310,right,0,0.02,s,3,35
1311,forward_backward,"(0, 180)","(0.02, 0.02)",b,3,35
1312,x_backward,"(180, 180)","(0, 0.02)",b,3,35
1313,converging,"(90, 270)","(0.02, 0.02)",b,3,35
1314,lateral_right,"(270, 90)","(0, 0.02)",b,3,35
1315,x_forward,"(0, 0)","(0, 0.02)",b,3,35
1316,backward,90,0.02,s,3,35
1317,forward_x,"(0, 0)","(0.02, 0)",b,3,35
1318,backward_right,45,0.02,s,3,35
1319,forward_left,225,0.02,s,3,35
1320,lateral_left,"(270, 90)","(0.02, 0)",b,3,35
1321,backward_x,"(180, 180)","(0.02, 0)",b,3,35
1322,diverging,"(270, 90)","(0.02, 0.02)",b,3,35
1323,forward_right,-45,0.02,s,3,35
1324,medial_left,"(90, 270)","(0, 0.02)",b,3,35
1325,backward_left,135,0.02,s,3,35
1326,left,180,0.02,s,3,35
1327,backward_forward,"(180, 0)","(0.02, 0.02)",b,3,35
1328,forward,-90,0.02,s,3,35
1329,medial_right,"(90, 270)","(0.02, 0)",b,3,35
1330,right,0,0.02,s,3,35
1331,forward_backward,"(0, 180)","(0.02, 0.02)",b,3,35
1332,x_backward,"(180, 180)","(0, 0.02)",b,3,35
1333,converging,"(90, 270)","(0.02, 0.02)",b,3,35
1334,lateral_right,"(270, 90)","(0, 0.02)",b,3,35
1335,x_forward,"(0, 0)","(0, 0.02)",b,3,35
1336,backward,90,0.02,s,3,35
1337,forward_x,"(0, 0)","(0.02, 0)",b,3,35
1338,backward_right,45,0.02,s,3,35
1339,forward_left,225,0.02,s,3,35
1340,lateral_left,"(270, 90)","(0.02, 0)",b,3,35
1341,backward_x,"(180, 180)","(0.02, 0)",b,3,35
1342,diverging,"(270, 90)","(0.02, 0.02)",b,3,35
1343,forward_right,-45,0.02,s,3,35
1344,medial_left,"(90, 270)","(0, 0.02)",b,3,35
1345,backward_left,135,0.02,s,3,35
1346,left,180,0.02,s,3,35
1347,backward_forward,"(180, 0)","(0.02, 0.02)",b,3,35
1348,forward,-90,0.02,s,3,35
1349,medial_right,"(90, 270)","(0.02, 0)",b,3,35
1350,right,0,0.02,s,3,35
1351,forward_backward,"(0, 180)","(0.02, 0.02)",b,3,35
1352,x_backward,"(180, 180)","(0, 0.02)",b,3,35
1353,converging,"(90, 270)","(0.02, 0.02)",b,3,35
1354,lateral_right,"(270, 90)","(0, 0.02)",b,3,35
1355,x_forward,"(0, 0)","(0, 0.02)",b,3,35
1356,backward,90,0.02,s,3,35
1357,forward_x,"(0, 0)","(0.02, 0)",b,3,35
1358,backward_right,45,0.02,s,3,35
1359,forward_left,225,0.02,s,3,35
1360,lateral_left,"(270, 90)","(0.02, 0)",b,3,35
1361,backward_x,"(180, 180)","(0.02, 0)",b,3,35
1362,diverging,"(270, 90)","(0.02, 0.02)",b,3,35
1363,forward_right,-45,0.02,s,3,35
1364,medial_left,"(90, 270)","(0, 0.02)",b,3,35
1365,backward_left,135,0.02,s,3,35
1366,left,180,0.02,s,3,35
1367,backward_forward,"(180, 0)","(0.02, 0.02)",b,3,35
1368,forward,-90,0.02,s,3,35
1369,medial_right,"(90, 270)","(0.02, 0)",b,3,35
1370,right,0,0.02,s,3,35
1371,forward_backward,"(0, 180)","(0.02, 0.02)",b,3,35
1372,x_backward,"(180, 180)","(0, 0.02)",b,3,35
1373,converging,"(90, 270)","(0.02, 0.02)",b,3,35
1374,lateral_right,"(270, 90)","(0, 0.02)",b,3,35
1375,x_forward,"(0, 0)","(0, 0.02)",b,3,35
1376,backward,90,0.02,s,3,35
1377,forward_x,"(0, 0)","(0.02, 0)",b,3,35
1378,backward_right,45,0.02,s,3,35
1379,forward_left,225,0.02,s,3,35
1380,lateral_left,"(270, 90)","(0.02, 0)",b,3,35
1381,backward_x,"(180, 180)","(0.02, 0)",b,3,35
1382,diverging,"(270, 90)","(0.02, 0.02)",b,3,35
1383,forward_right,-45,0.02,s,3,35
1384,medial_left,"(90, 270)","(0, 0.02)",b,3,35
1385,backward_left,135,0.02,s,3,35
1386,left,180,0.02,s,3,35
1387,backward_forward,"(180, 0)","(0.02, 0.02)",b,3,35
1388,forward,-90,0.02,s,3,35
1389,medial_right,"(90, 270)","(0.02, 0)",b,3,35
1390,right,0,0.02,s,3,35
1391,forward_backward,"(0, 180)","(0.02, 0.02)",b,3,35
1392,x_backward,"(180, 180)","(0, 0.02)",b,3,35
1393,converging,"(90, 270)","(0.02, 0.02)",b,3,35
1394,lateral_right,"(270, 90)","(0, 0.02)",b,3,35
1395,x_forward,"(0, 0)","(0, 0.02)",b,3,35
1396,backward,90,0.02,s,3,35
1397,forward_x,"(0, 0)","(0.02, 0)",b,3,35
1398,backward_right,45,0.02,s,3,35
1399,forward_left,225,0.02,s,3,35
1400,lateral_left,"(270, 90)","(0.02, 0)",b,3,35
1401,backward_x,"(180, 180)","(0.02, 0)",b,3,35
1402,diverging,"(270, 90)","(0.02, 0.02)",b,3,35
1403,forward_right,-45,0.02,s,3,35
1404,medial_left,"(90, 270)","(0, 0.02)",b,3,35
1405,backward_left,135,0.02,s,3,35
1406,left,180,0.02,s,3,35
1407,backward_forward,"(180, 0)","(0.02, 0.02)",b,3,35
1408,forward,-90,0.02,s,3,35
1409,blank,-90,0,s,0,14400
